<?xml version="1.0" encoding="utf-8"?>
<updates>
   <!--<update>
      <name>agendaDirigentes</name>
      <description>agendaDirigentes Component</description>
      <element>com_agendaDirigentes</element>
      <type>component</type>
      <version>1.5.0</version>
 
      <infourl title="HalloWorld URL">http://yourdomain.com</infourl>
      <downloads>
         <downloadurl type="full" format="zip">http://yourdomain.com/files/com_agendadirigentes-1.5.0-final.zip</downloadurl>
      </downloads>
      <tags>
         <tag>some-tag</tag>
      </tags>
 
      <maintainer>agendaDirigentes Inc.</maintainer>
      <maintainerurl>http://yourdomain.com</maintainerurl>
      <section>some-section</section>
      <targetplatform name="joomla" version="2.5" />
   </update>
   <update>
      <name>agendaDirigentes</name>
      <description>agendaDirigentes Component</description>
      <element>com_agendaDirigentes</element>
      <type>component</type>
      <version>1.5.0</version>
 
      <infourl title="HalloWorld URL">http://yourdomain.com</infourl>
      <downloads>
         <downloadurl type="full" format="zip">http://yourdomain.com/files/com_agendadirigentes-1.5.0-final.zip</downloadurl>
      </downloads>
      <tags>
         <tag>some-tag</tag>
      </tags>
 
      <maintainer>agendaDirigentes Inc.</maintainer>
      <maintainerurl>http://yourdomain.com</maintainerurl>
      <section>some-section</section>
      <targetplatform name="joomla" version="2.5" />
   </update>
   <update>
      <name>agendaDirigentes</name>
      <description>agendaDirigentes Component</description>
      <element>com_agendaDirigentes</element>
      <type>component</type>
      <version>1.5.0</version>
 
      <infourl title="HalloWorld URL">http://yourdomain.com</infourl>
      <downloads>
         <downloadurl type="full" format="zip">http://yourdomain.com/files/com_agendadirigentes-1.5.0-final.zip</downloadurl>
      </downloads>
      <tags>
         <tag>some-tag</tag>
      </tags>
 
      <maintainer>agendaDirigentes Inc.</maintainer>
      <maintainerurl>http://yourdomain.com</maintainerurl>
      <section>some-section</section>
      <targetplatform name="joomla" version="2.5" />
   </update>
 
    <update>
      <name>agendaDirigentes</name>
      <description>agendaDirigentes Component</description>
      <element>com_agendaDirigentes</element>
      <type>component</type>
      <version>1.5.1</version>
 
      <infourl title="agendaDirigentes URL">http://yourdomain.com</infourl>
      <downloads>
         <downloadurl type="full" format="zip">http://yourdomain.com/files/com_agendadirigentes-1.5.1-final.zip</downloadurl>
      </downloads>
      <tags>
         <tag>some-tag</tag>
      </tags>
 
      <maintainer>agendaDirigentes Inc.</maintainer>
      <maintainerurl>http://yourdomain.com</maintainerurl>
      <section>some-section</section>
      <targetplatform name="joomla" version="2.5" />
   </update>
    <update>
      <name>agendaDirigentes</name>
      <description>agendaDirigentes Component</description>
      <element>com_agendaDirigentes</element>
      <type>component</type>
      <version>1.5.1</version>
 
      <infourl title="agendaDirigentes URL">http://yourdomain.com</infourl>
      <downloads>
         <downloadurl type="full" format="zip">http://yourdomain.com/files/com_agendadirigentes-1.5.1-final.zip</downloadurl>
      </downloads>
      <tags>
         <tag>some-tag</tag>
      </tags>
 
      <maintainer>agendaDirigentes Inc.</maintainer>
      <maintainerurl>http://yourdomain.com</maintainerurl>
      <section>some-section</section>
      <targetplatform name="joomla" version="2.5" />
   </update>
    <update>
      <name>agendaDirigentes</name>
      <description>agendaDirigentes Component</description>
      <element>com_agendaDirigentes</element>
      <type>component</type>
      <version>1.5.1</version>
 
      <infourl title="agendaDirigentes URL">http://yourdomain.com</infourl>
      <downloads>
         <downloadurl type="full" format="zip">http://yourdomain.com/files/com_agendadirigentes-1.5.1-final.zip</downloadurl>
      </downloads>
      <tags>
         <tag>some-tag</tag>
      </tags>
 
      <maintainer>agendaDirigentes Inc.</maintainer>
      <maintainerurl>http://yourdomain.com</maintainerurl>
      <section>some-section</section>
      <targetplatform name="joomla" version="2.5" />
   </update>-->
</updates>